areaType,areaName,areaCode,date,newDeaths28DaysByDeathDate,cumDeaths28DaysByDeathDate
nation,England,E92000001,2022-08-22,16,164168
nation,England,E92000001,2022-08-21,51,164152
nation,England,E92000001,2022-08-20,47,164101
nation,England,E92000001,2022-08-19,53,164054
nation,England,E92000001,2022-08-18,71,164001
nation,England,E92000001,2022-08-17,73,163930
nation,England,E92000001,2022-08-16,86,163857
nation,England,E92000001,2022-08-15,114,163771
nation,England,E92000001,2022-08-14,100,163657
nation,England,E92000001,2022-08-13,123,163557
nation,England,E92000001,2022-08-12,125,163434
nation,England,E92000001,2022-08-11,133,163309
nation,England,E92000001,2022-08-10,115,163176
nation,England,E92000001,2022-08-09,123,163061
nation,England,E92000001,2022-08-08,128,162938
nation,England,E92000001,2022-08-07,127,162810
nation,England,E92000001,2022-08-06,113,162683
nation,England,E92000001,2022-08-05,121,162570
nation,England,E92000001,2022-08-04,117,162449
nation,England,E92000001,2022-08-03,151,162332
nation,England,E92000001,2022-08-02,147,162181
nation,England,E92000001,2022-08-01,151,162034
nation,England,E92000001,2022-07-31,139,161883
nation,England,E92000001,2022-07-30,128,161744
nation,England,E92000001,2022-07-29,173,161616
nation,England,E92000001,2022-07-28,169,161443
nation,England,E92000001,2022-07-27,143,161274
nation,England,E92000001,2022-07-26,140,161131
nation,England,E92000001,2022-07-25,146,160991
nation,England,E92000001,2022-07-24,177,160845
nation,England,E92000001,2022-07-23,156,160668
nation,England,E92000001,2022-07-22,148,160512
nation,England,E92000001,2022-07-21,150,160364
nation,England,E92000001,2022-07-20,210,160214
nation,England,E92000001,2022-07-19,300,160004
nation,England,E92000001,2022-07-18,161,159704
nation,England,E92000001,2022-07-17,192,159543
nation,England,E92000001,2022-07-16,159,159351
nation,England,E92000001,2022-07-15,141,159192
nation,England,E92000001,2022-07-14,140,159051
nation,England,E92000001,2022-07-13,159,158911
nation,England,E92000001,2022-07-12,163,158752
nation,England,E92000001,2022-07-11,149,158589
nation,England,E92000001,2022-07-10,152,158440
nation,England,E92000001,2022-07-09,144,158288
nation,England,E92000001,2022-07-08,131,158144
nation,England,E92000001,2022-07-07,118,158013
nation,England,E92000001,2022-07-06,131,157895
nation,England,E92000001,2022-07-05,113,157764
nation,England,E92000001,2022-07-04,116,157651
nation,England,E92000001,2022-07-03,97,157535
nation,England,E92000001,2022-07-02,105,157438
nation,England,E92000001,2022-07-01,93,157333
nation,England,E92000001,2022-06-30,83,157240
nation,England,E92000001,2022-06-29,85,157157
nation,England,E92000001,2022-06-28,68,157072
nation,England,E92000001,2022-06-27,73,157004
nation,England,E92000001,2022-06-26,66,156931
nation,England,E92000001,2022-06-25,71,156865
nation,England,E92000001,2022-06-24,55,156794
nation,England,E92000001,2022-06-23,71,156739
nation,England,E92000001,2022-06-22,65,156668
nation,England,E92000001,2022-06-21,56,156603
nation,England,E92000001,2022-06-20,59,156547
nation,England,E92000001,2022-06-19,59,156488
nation,England,E92000001,2022-06-18,50,156429
nation,England,E92000001,2022-06-17,51,156379
nation,England,E92000001,2022-06-16,57,156328
nation,England,E92000001,2022-06-15,46,156271
nation,England,E92000001,2022-06-14,36,156225
nation,England,E92000001,2022-06-13,37,156189
nation,England,E92000001,2022-06-12,31,156152
nation,England,E92000001,2022-06-11,43,156121
nation,England,E92000001,2022-06-10,54,156078
nation,England,E92000001,2022-06-09,36,156024
nation,England,E92000001,2022-06-08,42,155988
nation,England,E92000001,2022-06-07,39,155946
nation,England,E92000001,2022-06-06,51,155907
nation,England,E92000001,2022-06-05,45,155856
nation,England,E92000001,2022-06-04,49,155811
nation,England,E92000001,2022-06-03,34,155762
nation,England,E92000001,2022-06-02,47,155728
nation,England,E92000001,2022-06-01,39,155681
nation,England,E92000001,2022-05-31,57,155642
nation,England,E92000001,2022-05-30,59,155585
nation,England,E92000001,2022-05-29,37,155526
nation,England,E92000001,2022-05-28,52,155489
nation,England,E92000001,2022-05-27,54,155437
nation,England,E92000001,2022-05-26,62,155383
nation,England,E92000001,2022-05-25,44,155321
nation,England,E92000001,2022-05-24,46,155277
nation,England,E92000001,2022-05-23,61,155231
nation,England,E92000001,2022-05-22,63,155170
nation,England,E92000001,2022-05-21,64,155107
nation,England,E92000001,2022-05-20,66,155043
nation,England,E92000001,2022-05-19,58,154977
nation,England,E92000001,2022-05-18,57,154919
nation,England,E92000001,2022-05-17,83,154862
nation,England,E92000001,2022-05-16,68,154779
nation,England,E92000001,2022-05-15,84,154711
nation,England,E92000001,2022-05-14,82,154627
nation,England,E92000001,2022-05-13,90,154545
nation,England,E92000001,2022-05-12,101,154455
nation,England,E92000001,2022-05-11,91,154354
nation,England,E92000001,2022-05-10,107,154263
nation,England,E92000001,2022-05-09,105,154156
nation,England,E92000001,2022-05-08,105,154051
nation,England,E92000001,2022-05-07,118,153946
nation,England,E92000001,2022-05-06,124,153828
nation,England,E92000001,2022-05-05,117,153704
nation,England,E92000001,2022-05-04,122,153587
nation,England,E92000001,2022-05-03,120,153465
nation,England,E92000001,2022-05-02,139,153345
nation,England,E92000001,2022-05-01,156,153206
nation,England,E92000001,2022-04-30,164,153050
nation,England,E92000001,2022-04-29,153,152886
nation,England,E92000001,2022-04-28,169,152733
nation,England,E92000001,2022-04-27,162,152564
nation,England,E92000001,2022-04-26,154,152402
nation,England,E92000001,2022-04-25,164,152248
nation,England,E92000001,2022-04-24,159,152084
nation,England,E92000001,2022-04-23,177,151925
nation,England,E92000001,2022-04-22,191,151748
nation,England,E92000001,2022-04-21,183,151557
nation,England,E92000001,2022-04-20,206,151374
nation,England,E92000001,2022-04-19,176,151168
nation,England,E92000001,2022-04-18,225,150992
nation,England,E92000001,2022-04-17,223,150767
nation,England,E92000001,2022-04-16,227,150544
nation,England,E92000001,2022-04-15,216,150317
nation,England,E92000001,2022-04-14,237,150101
nation,England,E92000001,2022-04-13,260,149864
nation,England,E92000001,2022-04-12,254,149604
nation,England,E92000001,2022-04-11,238,149350
nation,England,E92000001,2022-04-10,245,149112
nation,England,E92000001,2022-04-09,239,148867
nation,England,E92000001,2022-04-08,268,148628
nation,England,E92000001,2022-04-07,248,148360
nation,England,E92000001,2022-04-06,243,148112
nation,England,E92000001,2022-04-05,226,147869
nation,England,E92000001,2022-04-04,212,147643
nation,England,E92000001,2022-04-03,232,147431
nation,England,E92000001,2022-04-02,255,147199
nation,England,E92000001,2022-04-01,216,146944
nation,England,E92000001,2022-03-31,226,146728
nation,England,E92000001,2022-03-30,214,146502
nation,England,E92000001,2022-03-29,203,146288
nation,England,E92000001,2022-03-28,187,146085
nation,England,E92000001,2022-03-27,186,145898
nation,England,E92000001,2022-03-26,186,145712
nation,England,E92000001,2022-03-25,180,145526
nation,England,E92000001,2022-03-24,174,145346
nation,England,E92000001,2022-03-23,163,145172
nation,England,E92000001,2022-03-22,187,145009
nation,England,E92000001,2022-03-21,146,144822
nation,England,E92000001,2022-03-20,158,144676
nation,England,E92000001,2022-03-19,151,144518
nation,England,E92000001,2022-03-18,162,144367
nation,England,E92000001,2022-03-17,163,144205
nation,England,E92000001,2022-03-16,145,144042
nation,England,E92000001,2022-03-15,136,143897
nation,England,E92000001,2022-03-14,160,143761
nation,England,E92000001,2022-03-13,127,143601
nation,England,E92000001,2022-03-12,128,143474
nation,England,E92000001,2022-03-11,121,143346
nation,England,E92000001,2022-03-10,128,143225
nation,England,E92000001,2022-03-09,125,143097
nation,England,E92000001,2022-03-08,131,142972
nation,England,E92000001,2022-03-07,119,142841
nation,England,E92000001,2022-03-06,107,142722
nation,England,E92000001,2022-03-05,108,142615
nation,England,E92000001,2022-03-04,110,142507
nation,England,E92000001,2022-03-03,137,142397
nation,England,E92000001,2022-03-02,129,142260
nation,England,E92000001,2022-03-01,109,142131
nation,England,E92000001,2022-02-28,119,142022
nation,England,E92000001,2022-02-27,107,141903
nation,England,E92000001,2022-02-26,117,141796
nation,England,E92000001,2022-02-25,120,141679
nation,England,E92000001,2022-02-24,140,141559
nation,England,E92000001,2022-02-23,120,141419
nation,England,E92000001,2022-02-22,118,141299
nation,England,E92000001,2022-02-21,123,141181
nation,England,E92000001,2022-02-20,144,141058
nation,England,E92000001,2022-02-19,136,140914
nation,England,E92000001,2022-02-18,129,140778
nation,England,E92000001,2022-02-17,141,140649
nation,England,E92000001,2022-02-16,152,140508
nation,England,E92000001,2022-02-15,149,140356
nation,England,E92000001,2022-02-14,168,140207
nation,England,E92000001,2022-02-13,155,140039
nation,England,E92000001,2022-02-12,150,139884
nation,England,E92000001,2022-02-11,149,139734
nation,England,E92000001,2022-02-10,164,139585
nation,England,E92000001,2022-02-09,161,139421
nation,England,E92000001,2022-02-08,165,139260
nation,England,E92000001,2022-02-07,156,139095
nation,England,E92000001,2022-02-06,189,138939
nation,England,E92000001,2022-02-05,196,138750
nation,England,E92000001,2022-02-04,179,138554
nation,England,E92000001,2022-02-03,204,138375
nation,England,E92000001,2022-02-02,229,138171
nation,England,E92000001,2022-02-01,228,137942
nation,England,E92000001,2022-01-31,232,137714
nation,England,E92000001,2022-01-30,217,137482
nation,England,E92000001,2022-01-29,238,137265
nation,England,E92000001,2022-01-28,223,137027
nation,England,E92000001,2022-01-27,264,136804
nation,England,E92000001,2022-01-26,239,136540
nation,England,E92000001,2022-01-25,212,136301
nation,England,E92000001,2022-01-24,250,136089
nation,England,E92000001,2022-01-23,225,135839
nation,England,E92000001,2022-01-22,255,135614
nation,England,E92000001,2022-01-21,272,135359
nation,England,E92000001,2022-01-20,230,135087
nation,England,E92000001,2022-01-19,243,134857
nation,England,E92000001,2022-01-18,255,134614
nation,England,E92000001,2022-01-17,260,134359
nation,England,E92000001,2022-01-16,250,134099
nation,England,E92000001,2022-01-15,256,133849
nation,England,E92000001,2022-01-14,252,133593
nation,England,E92000001,2022-01-13,234,133341
nation,England,E92000001,2022-01-12,226,133107
nation,England,E92000001,2022-01-11,247,132881
nation,England,E92000001,2022-01-10,249,132634
nation,England,E92000001,2022-01-09,234,132385
nation,England,E92000001,2022-01-08,220,132151
nation,England,E92000001,2022-01-07,230,131931
nation,England,E92000001,2022-01-06,223,131701
nation,England,E92000001,2022-01-05,196,131478
nation,England,E92000001,2022-01-04,180,131282
nation,England,E92000001,2022-01-03,161,131102
nation,England,E92000001,2022-01-02,155,130941
nation,England,E92000001,2022-01-01,163,130786
nation,England,E92000001,2021-12-31,149,130623
nation,England,E92000001,2021-12-30,176,130474
nation,England,E92000001,2021-12-29,105,130298
nation,England,E92000001,2021-12-28,146,130193
nation,England,E92000001,2021-12-27,127,130047
nation,England,E92000001,2021-12-26,107,129920
nation,England,E92000001,2021-12-25,95,129813
nation,England,E92000001,2021-12-24,114,129718
nation,England,E92000001,2021-12-23,123,129604
nation,England,E92000001,2021-12-22,115,129481
nation,England,E92000001,2021-12-21,88,129366
nation,England,E92000001,2021-12-20,101,129278
nation,England,E92000001,2021-12-19,92,129177
nation,England,E92000001,2021-12-18,91,129085
nation,England,E92000001,2021-12-17,114,128994
nation,England,E92000001,2021-12-16,91,128880
nation,England,E92000001,2021-12-15,95,128789
nation,England,E92000001,2021-12-14,110,128694
nation,England,E92000001,2021-12-13,92,128584
nation,England,E92000001,2021-12-12,106,128492
nation,England,E92000001,2021-12-11,79,128386
nation,England,E92000001,2021-12-10,95,128307
nation,England,E92000001,2021-12-09,103,128212
nation,England,E92000001,2021-12-08,97,128109
nation,England,E92000001,2021-12-07,94,128012
nation,England,E92000001,2021-12-06,111,127918
nation,England,E92000001,2021-12-05,92,127807
nation,England,E92000001,2021-12-04,119,127715
nation,England,E92000001,2021-12-03,114,127596
nation,England,E92000001,2021-12-02,84,127482
nation,England,E92000001,2021-12-01,104,127398
nation,England,E92000001,2021-11-30,88,127294
nation,England,E92000001,2021-11-29,106,127206
nation,England,E92000001,2021-11-28,93,127100
nation,England,E92000001,2021-11-27,87,127007
nation,England,E92000001,2021-11-26,107,126920
nation,England,E92000001,2021-11-25,111,126813
nation,England,E92000001,2021-11-24,98,126702
nation,England,E92000001,2021-11-23,121,126604
nation,England,E92000001,2021-11-22,94,126483
nation,England,E92000001,2021-11-21,90,126389
nation,England,E92000001,2021-11-20,100,126299
nation,England,E92000001,2021-11-19,104,126199
nation,England,E92000001,2021-11-18,113,126095
nation,England,E92000001,2021-11-17,99,125982
nation,England,E92000001,2021-11-16,130,125883
nation,England,E92000001,2021-11-15,137,125753
nation,England,E92000001,2021-11-14,104,125616
nation,England,E92000001,2021-11-13,111,125512
nation,England,E92000001,2021-11-12,119,125401
nation,England,E92000001,2021-11-11,121,125282
nation,England,E92000001,2021-11-10,118,125161
nation,England,E92000001,2021-11-09,126,125043
nation,England,E92000001,2021-11-08,127,124917
nation,England,E92000001,2021-11-07,134,124790
nation,England,E92000001,2021-11-06,139,124656
nation,England,E92000001,2021-11-05,128,124517
nation,England,E92000001,2021-11-04,120,124389
nation,England,E92000001,2021-11-03,129,124269
nation,England,E92000001,2021-11-02,128,124140
nation,England,E92000001,2021-11-01,137,124012
nation,England,E92000001,2021-10-31,155,123875
nation,England,E92000001,2021-10-30,133,123720
nation,England,E92000001,2021-10-29,130,123587
nation,England,E92000001,2021-10-28,154,123457
nation,England,E92000001,2021-10-27,134,123303
nation,England,E92000001,2021-10-26,132,123169
nation,England,E92000001,2021-10-25,115,123037
nation,England,E92000001,2021-10-24,119,122922
nation,England,E92000001,2021-10-23,132,122803
nation,England,E92000001,2021-10-22,104,122671
nation,England,E92000001,2021-10-21,113,122567
nation,England,E92000001,2021-10-20,120,122454
nation,England,E92000001,2021-10-19,104,122334
nation,England,E92000001,2021-10-18,95,122230
nation,England,E92000001,2021-10-17,104,122135
nation,England,E92000001,2021-10-16,97,122031
nation,England,E92000001,2021-10-15,107,121934
nation,England,E92000001,2021-10-14,110,121827
nation,England,E92000001,2021-10-13,89,121717
nation,England,E92000001,2021-10-12,87,121628
nation,England,E92000001,2021-10-11,94,121541
nation,England,E92000001,2021-10-10,70,121447
nation,England,E92000001,2021-10-09,92,121377
nation,England,E92000001,2021-10-08,96,121285
nation,England,E92000001,2021-10-07,92,121189
nation,England,E92000001,2021-10-06,77,121097
nation,England,E92000001,2021-10-05,87,121020
nation,England,E92000001,2021-10-04,82,120933
nation,England,E92000001,2021-10-03,74,120851
nation,England,E92000001,2021-10-02,75,120777
nation,England,E92000001,2021-10-01,98,120702
nation,England,E92000001,2021-09-30,81,120604
nation,England,E92000001,2021-09-29,86,120523
nation,England,E92000001,2021-09-28,79,120437
nation,England,E92000001,2021-09-27,79,120358
nation,England,E92000001,2021-09-26,68,120279
nation,England,E92000001,2021-09-25,92,120211
nation,England,E92000001,2021-09-24,92,120119
nation,England,E92000001,2021-09-23,105,120027
nation,England,E92000001,2021-09-22,106,119922
nation,England,E92000001,2021-09-21,94,119816
nation,England,E92000001,2021-09-20,106,119722
nation,England,E92000001,2021-09-19,90,119616
nation,England,E92000001,2021-09-18,94,119526
nation,England,E92000001,2021-09-17,127,119432
nation,England,E92000001,2021-09-16,114,119305
nation,England,E92000001,2021-09-15,103,119191
nation,England,E92000001,2021-09-14,119,119088
nation,England,E92000001,2021-09-13,72,118969
nation,England,E92000001,2021-09-12,107,118897
nation,England,E92000001,2021-09-11,105,118790
nation,England,E92000001,2021-09-10,110,118685
nation,England,E92000001,2021-09-09,132,118575
nation,England,E92000001,2021-09-08,115,118443
nation,England,E92000001,2021-09-07,124,118328
nation,England,E92000001,2021-09-06,121,118204
nation,England,E92000001,2021-09-05,118,118083
nation,England,E92000001,2021-09-04,112,117965
nation,England,E92000001,2021-09-03,126,117853
nation,England,E92000001,2021-09-02,101,117727
nation,England,E92000001,2021-09-01,96,117626
nation,England,E92000001,2021-08-31,95,117530
nation,England,E92000001,2021-08-30,91,117435
nation,England,E92000001,2021-08-29,108,117344
nation,England,E92000001,2021-08-28,105,117236
nation,England,E92000001,2021-08-27,107,117131
nation,England,E92000001,2021-08-26,105,117024
nation,England,E92000001,2021-08-25,88,116919
nation,England,E92000001,2021-08-24,104,116831
nation,England,E92000001,2021-08-23,98,116727
nation,England,E92000001,2021-08-22,104,116629
nation,England,E92000001,2021-08-21,90,116525
nation,England,E92000001,2021-08-20,100,116435
nation,England,E92000001,2021-08-19,93,116335
nation,England,E92000001,2021-08-18,81,116242
nation,England,E92000001,2021-08-17,97,116161
nation,England,E92000001,2021-08-16,76,116064
nation,England,E92000001,2021-08-15,74,115988
nation,England,E92000001,2021-08-14,82,115914
nation,England,E92000001,2021-08-13,90,115832
nation,England,E92000001,2021-08-12,93,115742
nation,England,E92000001,2021-08-11,81,115649
nation,England,E92000001,2021-08-10,69,115568
nation,England,E92000001,2021-08-09,71,115499
nation,England,E92000001,2021-08-08,67,115428
nation,England,E92000001,2021-08-07,85,115361
nation,England,E92000001,2021-08-06,81,115276
nation,England,E92000001,2021-08-05,90,115195
nation,England,E92000001,2021-08-04,71,115105
nation,England,E92000001,2021-08-03,66,115034
nation,England,E92000001,2021-08-02,67,114968
nation,England,E92000001,2021-08-01,75,114901
nation,England,E92000001,2021-07-31,77,114826
nation,England,E92000001,2021-07-30,96,114749
nation,England,E92000001,2021-07-29,68,114653
nation,England,E92000001,2021-07-28,72,114585
nation,England,E92000001,2021-07-27,59,114513
nation,England,E92000001,2021-07-26,67,114454
nation,England,E92000001,2021-07-25,64,114387
nation,England,E92000001,2021-07-24,66,114323
nation,England,E92000001,2021-07-23,73,114257
nation,England,E92000001,2021-07-22,66,114184
nation,England,E92000001,2021-07-21,45,114118
nation,England,E92000001,2021-07-20,49,114073
nation,England,E92000001,2021-07-19,70,114024
nation,England,E92000001,2021-07-18,57,113954
nation,England,E92000001,2021-07-17,44,113897
nation,England,E92000001,2021-07-16,41,113853
nation,England,E92000001,2021-07-15,44,113812
nation,England,E92000001,2021-07-14,33,113768
nation,England,E92000001,2021-07-13,38,113735
nation,England,E92000001,2021-07-12,34,113697
nation,England,E92000001,2021-07-11,27,113663
nation,England,E92000001,2021-07-10,33,113636
nation,England,E92000001,2021-07-09,39,113603
nation,England,E92000001,2021-07-08,30,113564
nation,England,E92000001,2021-07-07,23,113534
nation,England,E92000001,2021-07-06,19,113511
nation,England,E92000001,2021-07-05,24,113492
nation,England,E92000001,2021-07-04,23,113468
nation,England,E92000001,2021-07-03,24,113445
nation,England,E92000001,2021-07-02,25,113421
nation,England,E92000001,2021-07-01,22,113396
nation,England,E92000001,2021-06-30,20,113374
nation,England,E92000001,2021-06-29,20,113354
nation,England,E92000001,2021-06-28,10,113334
nation,England,E92000001,2021-06-27,19,113324
nation,England,E92000001,2021-06-26,9,113305
nation,England,E92000001,2021-06-25,21,113296
nation,England,E92000001,2021-06-24,21,113275
nation,England,E92000001,2021-06-23,6,113254
nation,England,E92000001,2021-06-22,9,113248
nation,England,E92000001,2021-06-21,13,113239
nation,England,E92000001,2021-06-20,22,113226
nation,England,E92000001,2021-06-19,19,113204
nation,England,E92000001,2021-06-18,10,113185
nation,England,E92000001,2021-06-17,5,113175
nation,England,E92000001,2021-06-16,12,113170
nation,England,E92000001,2021-06-15,15,113158
nation,England,E92000001,2021-06-14,9,113143
nation,England,E92000001,2021-06-13,7,113134
nation,England,E92000001,2021-06-12,14,113127
nation,England,E92000001,2021-06-11,6,113113
nation,England,E92000001,2021-06-10,9,113107
nation,England,E92000001,2021-06-09,6,113098
nation,England,E92000001,2021-06-08,9,113092
nation,England,E92000001,2021-06-07,5,113083
nation,England,E92000001,2021-06-06,7,113078
nation,England,E92000001,2021-06-05,6,113071
nation,England,E92000001,2021-06-04,11,113065
nation,England,E92000001,2021-06-03,10,113054
nation,England,E92000001,2021-06-02,12,113044
nation,England,E92000001,2021-06-01,3,113032
nation,England,E92000001,2021-05-31,8,113029
nation,England,E92000001,2021-05-30,8,113021
nation,England,E92000001,2021-05-29,7,113013
nation,England,E92000001,2021-05-28,6,113006
nation,England,E92000001,2021-05-27,8,113000
nation,England,E92000001,2021-05-26,12,112992
nation,England,E92000001,2021-05-25,6,112980
nation,England,E92000001,2021-05-24,8,112974
nation,England,E92000001,2021-05-23,8,112966
nation,England,E92000001,2021-05-22,3,112958
nation,England,E92000001,2021-05-21,9,112955
nation,England,E92000001,2021-05-20,6,112946
nation,England,E92000001,2021-05-19,3,112940
nation,England,E92000001,2021-05-18,3,112937
nation,England,E92000001,2021-05-17,6,112934
nation,England,E92000001,2021-05-16,6,112928
nation,England,E92000001,2021-05-15,8,112922
nation,England,E92000001,2021-05-14,3,112914
nation,England,E92000001,2021-05-13,6,112911
nation,England,E92000001,2021-05-12,9,112905
nation,England,E92000001,2021-05-11,14,112896
nation,England,E92000001,2021-05-10,10,112882
nation,England,E92000001,2021-05-09,8,112872
nation,England,E92000001,2021-05-08,9,112864
nation,England,E92000001,2021-05-07,10,112855
nation,England,E92000001,2021-05-06,7,112845
nation,England,E92000001,2021-05-05,13,112838
nation,England,E92000001,2021-05-04,9,112825
nation,England,E92000001,2021-05-03,10,112816
nation,England,E92000001,2021-05-02,12,112806
nation,England,E92000001,2021-05-01,8,112794
nation,England,E92000001,2021-04-30,12,112786
nation,England,E92000001,2021-04-29,13,112774
nation,England,E92000001,2021-04-28,15,112761
nation,England,E92000001,2021-04-27,13,112746
nation,England,E92000001,2021-04-26,10,112733
nation,England,E92000001,2021-04-25,12,112723
nation,England,E92000001,2021-04-24,7,112711
nation,England,E92000001,2021-04-23,19,112704
nation,England,E92000001,2021-04-22,15,112685
nation,England,E92000001,2021-04-21,17,112670
nation,England,E92000001,2021-04-20,17,112653
nation,England,E92000001,2021-04-19,16,112636
nation,England,E92000001,2021-04-18,16,112620
nation,England,E92000001,2021-04-17,21,112604
nation,England,E92000001,2021-04-16,17,112583
nation,England,E92000001,2021-04-15,18,112566
nation,England,E92000001,2021-04-14,10,112548
nation,England,E92000001,2021-04-13,20,112538
nation,England,E92000001,2021-04-12,27,112518
nation,England,E92000001,2021-04-11,21,112491
nation,England,E92000001,2021-04-10,19,112470
nation,England,E92000001,2021-04-09,20,112451
nation,England,E92000001,2021-04-08,33,112431
nation,England,E92000001,2021-04-07,24,112398
nation,England,E92000001,2021-04-06,23,112374
nation,England,E92000001,2021-04-05,11,112351
nation,England,E92000001,2021-04-04,25,112340
nation,England,E92000001,2021-04-03,27,112315
nation,England,E92000001,2021-04-02,22,112288
nation,England,E92000001,2021-04-01,29,112266
nation,England,E92000001,2021-03-31,37,112237
nation,England,E92000001,2021-03-30,38,112200
nation,England,E92000001,2021-03-29,27,112162
nation,England,E92000001,2021-03-28,27,112135
nation,England,E92000001,2021-03-27,32,112108
nation,England,E92000001,2021-03-26,41,112076
nation,England,E92000001,2021-03-25,38,112035
nation,England,E92000001,2021-03-24,35,111997
nation,England,E92000001,2021-03-23,48,111962
nation,England,E92000001,2021-03-22,60,111914
nation,England,E92000001,2021-03-21,71,111854
nation,England,E92000001,2021-03-20,59,111783
nation,England,E92000001,2021-03-19,56,111724
nation,England,E92000001,2021-03-18,51,111668
nation,England,E92000001,2021-03-17,66,111617
nation,England,E92000001,2021-03-16,69,111551
nation,England,E92000001,2021-03-15,88,111482
nation,England,E92000001,2021-03-14,83,111394
nation,England,E92000001,2021-03-13,98,111311
nation,England,E92000001,2021-03-12,82,111213
nation,England,E92000001,2021-03-11,110,111131
nation,England,E92000001,2021-03-10,99,111021
nation,England,E92000001,2021-03-09,117,110922
nation,England,E92000001,2021-03-08,122,110805
nation,England,E92000001,2021-03-07,115,110683
nation,England,E92000001,2021-03-06,129,110568
nation,England,E92000001,2021-03-05,156,110439
nation,England,E92000001,2021-03-04,130,110283
nation,England,E92000001,2021-03-03,126,110153
nation,England,E92000001,2021-03-02,157,110027
nation,England,E92000001,2021-03-01,192,109870
nation,England,E92000001,2021-02-28,200,109678
nation,England,E92000001,2021-02-27,197,109478
nation,England,E92000001,2021-02-26,197,109281
nation,England,E92000001,2021-02-25,222,109084
nation,England,E92000001,2021-02-24,241,108862
nation,England,E92000001,2021-02-23,258,108621
nation,England,E92000001,2021-02-22,242,108363
nation,England,E92000001,2021-02-21,287,108121
nation,England,E92000001,2021-02-20,305,107834
nation,England,E92000001,2021-02-19,316,107529
nation,England,E92000001,2021-02-18,368,107213
nation,England,E92000001,2021-02-17,386,106845
nation,England,E92000001,2021-02-16,397,106459
nation,England,E92000001,2021-02-15,462,106062
nation,England,E92000001,2021-02-14,439,105600
nation,England,E92000001,2021-02-13,432,105161
nation,England,E92000001,2021-02-12,459,104729
nation,England,E92000001,2021-02-11,513,104270
nation,England,E92000001,2021-02-10,545,103757
nation,England,E92000001,2021-02-09,542,103212
nation,England,E92000001,2021-02-08,614,102670
nation,England,E92000001,2021-02-07,570,102056
nation,England,E92000001,2021-02-06,612,101486
nation,England,E92000001,2021-02-05,678,100874
nation,England,E92000001,2021-02-04,652,100196
nation,England,E92000001,2021-02-03,784,99544
nation,England,E92000001,2021-02-02,763,98760
nation,England,E92000001,2021-02-01,810,97997
nation,England,E92000001,2021-01-31,813,97187
nation,England,E92000001,2021-01-30,833,96374
nation,England,E92000001,2021-01-29,945,95541
nation,England,E92000001,2021-01-28,1021,94596
nation,England,E92000001,2021-01-27,1012,93575
nation,England,E92000001,2021-01-26,968,92563
nation,England,E92000001,2021-01-25,1075,91595
nation,England,E92000001,2021-01-24,1042,90520
nation,England,E92000001,2021-01-23,1067,89478
nation,England,E92000001,2021-01-22,1127,88411
nation,England,E92000001,2021-01-21,1137,87284
nation,England,E92000001,2021-01-20,1176,86147
nation,England,E92000001,2021-01-19,1251,84971
nation,England,E92000001,2021-01-18,1171,83720
nation,England,E92000001,2021-01-17,1174,82549
nation,England,E92000001,2021-01-16,1174,81375
nation,England,E92000001,2021-01-15,1104,80201
nation,England,E92000001,2021-01-14,1093,79097
nation,England,E92000001,2021-01-13,1107,78004
nation,England,E92000001,2021-01-12,1095,76897
nation,England,E92000001,2021-01-11,1007,75802
nation,England,E92000001,2021-01-10,984,74795
nation,England,E92000001,2021-01-09,931,73811
nation,England,E92000001,2021-01-08,892,72880
nation,England,E92000001,2021-01-07,891,71988
nation,England,E92000001,2021-01-06,829,71097
nation,England,E92000001,2021-01-05,823,70268
nation,England,E92000001,2021-01-04,758,69445
nation,England,E92000001,2021-01-03,655,68687
nation,England,E92000001,2021-01-02,672,68032
nation,England,E92000001,2021-01-01,645,67360
nation,England,E92000001,2020-12-31,653,66715
nation,England,E92000001,2020-12-30,628,66062
nation,England,E92000001,2020-12-29,581,65434
nation,England,E92000001,2020-12-28,592,64853
nation,England,E92000001,2020-12-27,583,64261
nation,England,E92000001,2020-12-26,571,63678
nation,England,E92000001,2020-12-25,540,63107
nation,England,E92000001,2020-12-24,489,62567
nation,England,E92000001,2020-12-23,482,62078
nation,England,E92000001,2020-12-22,492,61596
nation,England,E92000001,2020-12-21,498,61104
nation,England,E92000001,2020-12-20,430,60606
nation,England,E92000001,2020-12-19,415,60176
nation,England,E92000001,2020-12-18,435,59761
nation,England,E92000001,2020-12-17,441,59326
nation,England,E92000001,2020-12-16,354,58885
nation,England,E92000001,2020-12-15,392,58531
nation,England,E92000001,2020-12-14,414,58139
nation,England,E92000001,2020-12-13,368,57725
nation,England,E92000001,2020-12-12,377,57357
nation,England,E92000001,2020-12-11,400,56980
nation,England,E92000001,2020-12-10,380,56580
nation,England,E92000001,2020-12-09,376,56200
nation,England,E92000001,2020-12-08,376,55824
nation,England,E92000001,2020-12-07,360,55448
nation,England,E92000001,2020-12-06,357,55088
nation,England,E92000001,2020-12-05,344,54731
nation,England,E92000001,2020-12-04,413,54387
nation,England,E92000001,2020-12-03,408,53974
nation,England,E92000001,2020-12-02,337,53566
nation,England,E92000001,2020-12-01,347,53229
nation,England,E92000001,2020-11-30,364,52882
nation,England,E92000001,2020-11-29,404,52518
nation,England,E92000001,2020-11-28,387,52114
nation,England,E92000001,2020-11-27,368,51727
nation,England,E92000001,2020-11-26,372,51359
nation,England,E92000001,2020-11-25,429,50987
nation,England,E92000001,2020-11-24,410,50558
nation,England,E92000001,2020-11-23,401,50148
nation,England,E92000001,2020-11-22,410,49747
nation,England,E92000001,2020-11-21,400,49337
nation,England,E92000001,2020-11-20,392,48937
nation,England,E92000001,2020-11-19,401,48545
nation,England,E92000001,2020-11-18,439,48144
nation,England,E92000001,2020-11-17,368,47705
nation,England,E92000001,2020-11-16,360,47337
nation,England,E92000001,2020-11-15,383,46977
nation,England,E92000001,2020-11-14,363,46594
nation,England,E92000001,2020-11-13,359,46231
nation,England,E92000001,2020-11-12,353,45872
nation,England,E92000001,2020-11-11,312,45519
nation,England,E92000001,2020-11-10,320,45207
nation,England,E92000001,2020-11-09,405,44887
nation,England,E92000001,2020-11-08,344,44482
nation,England,E92000001,2020-11-07,335,44138
nation,England,E92000001,2020-11-06,335,43803
nation,England,E92000001,2020-11-05,304,43468
nation,England,E92000001,2020-11-04,278,43164
nation,England,E92000001,2020-11-03,293,42886
nation,England,E92000001,2020-11-02,289,42593
nation,England,E92000001,2020-11-01,288,42304
nation,England,E92000001,2020-10-31,283,42016
nation,England,E92000001,2020-10-30,282,41733
nation,England,E92000001,2020-10-29,250,41451
nation,England,E92000001,2020-10-28,238,41201
nation,England,E92000001,2020-10-27,220,40963
nation,England,E92000001,2020-10-26,225,40743
nation,England,E92000001,2020-10-25,207,40518
nation,England,E92000001,2020-10-24,171,40311
nation,England,E92000001,2020-10-23,189,40140
nation,England,E92000001,2020-10-22,187,39951
nation,England,E92000001,2020-10-21,191,39764
nation,England,E92000001,2020-10-20,174,39573
nation,England,E92000001,2020-10-19,159,39399
nation,England,E92000001,2020-10-18,121,39240
nation,England,E92000001,2020-10-17,162,39119
nation,England,E92000001,2020-10-16,122,38957
nation,England,E92000001,2020-10-15,124,38835
nation,England,E92000001,2020-10-14,102,38711
nation,England,E92000001,2020-10-13,87,38609
nation,England,E92000001,2020-10-12,97,38522
nation,England,E92000001,2020-10-11,104,38425
nation,England,E92000001,2020-10-10,90,38321
nation,England,E92000001,2020-10-09,68,38231
nation,England,E92000001,2020-10-08,78,38163
nation,England,E92000001,2020-10-07,81,38085
nation,England,E92000001,2020-10-06,62,38004
nation,England,E92000001,2020-10-05,59,37942
nation,England,E92000001,2020-10-04,54,37883
nation,England,E92000001,2020-10-03,55,37829
nation,England,E92000001,2020-10-02,65,37774
nation,England,E92000001,2020-10-01,56,37709
nation,England,E92000001,2020-09-30,48,37653
nation,England,E92000001,2020-09-29,43,37605
nation,England,E92000001,2020-09-28,47,37562
nation,England,E92000001,2020-09-27,44,37515
nation,England,E92000001,2020-09-26,35,37471
nation,England,E92000001,2020-09-25,30,37436
nation,England,E92000001,2020-09-24,33,37406
nation,England,E92000001,2020-09-23,52,37373
nation,England,E92000001,2020-09-22,35,37321
nation,England,E92000001,2020-09-21,24,37286
nation,England,E92000001,2020-09-20,28,37262
nation,England,E92000001,2020-09-19,18,37234
nation,England,E92000001,2020-09-18,21,37216
nation,England,E92000001,2020-09-17,25,37195
nation,England,E92000001,2020-09-16,23,37170
nation,England,E92000001,2020-09-15,15,37147
nation,England,E92000001,2020-09-14,17,37132
nation,England,E92000001,2020-09-13,15,37115
nation,England,E92000001,2020-09-12,18,37100
nation,England,E92000001,2020-09-11,10,37082
nation,England,E92000001,2020-09-10,12,37072
nation,England,E92000001,2020-09-09,10,37060
nation,England,E92000001,2020-09-08,10,37050
nation,England,E92000001,2020-09-07,13,37040
nation,England,E92000001,2020-09-06,9,37027
nation,England,E92000001,2020-09-05,12,37018
nation,England,E92000001,2020-09-04,8,37006
nation,England,E92000001,2020-09-03,6,36998
nation,England,E92000001,2020-09-02,9,36992
nation,England,E92000001,2020-09-01,4,36983
nation,England,E92000001,2020-08-31,8,36979
nation,England,E92000001,2020-08-30,6,36971
nation,England,E92000001,2020-08-29,5,36965
nation,England,E92000001,2020-08-28,9,36960
nation,England,E92000001,2020-08-27,9,36951
nation,England,E92000001,2020-08-26,11,36942
nation,England,E92000001,2020-08-25,11,36931
nation,England,E92000001,2020-08-24,5,36920
nation,England,E92000001,2020-08-23,15,36915
nation,England,E92000001,2020-08-22,7,36900
nation,England,E92000001,2020-08-21,7,36893
nation,England,E92000001,2020-08-20,8,36886
nation,England,E92000001,2020-08-19,3,36878
nation,England,E92000001,2020-08-18,7,36875
nation,England,E92000001,2020-08-17,12,36868
nation,England,E92000001,2020-08-16,4,36856
nation,England,E92000001,2020-08-15,11,36852
nation,England,E92000001,2020-08-14,6,36841
nation,England,E92000001,2020-08-13,7,36835
nation,England,E92000001,2020-08-12,6,36828
nation,England,E92000001,2020-08-11,10,36822
nation,England,E92000001,2020-08-10,11,36812
nation,England,E92000001,2020-08-09,9,36801
nation,England,E92000001,2020-08-08,11,36792
nation,England,E92000001,2020-08-07,8,36781
nation,England,E92000001,2020-08-06,9,36773
nation,England,E92000001,2020-08-05,3,36764
nation,England,E92000001,2020-08-04,10,36761
nation,England,E92000001,2020-08-03,15,36751
nation,England,E92000001,2020-08-02,8,36736
nation,England,E92000001,2020-08-01,9,36728
nation,England,E92000001,2020-07-31,10,36719
nation,England,E92000001,2020-07-30,8,36709
nation,England,E92000001,2020-07-29,8,36701
nation,England,E92000001,2020-07-28,10,36693
nation,England,E92000001,2020-07-27,11,36683
nation,England,E92000001,2020-07-26,15,36672
nation,England,E92000001,2020-07-25,14,36657
nation,England,E92000001,2020-07-24,6,36643
nation,England,E92000001,2020-07-23,16,36637
nation,England,E92000001,2020-07-22,17,36621
nation,England,E92000001,2020-07-21,19,36604
nation,England,E92000001,2020-07-20,12,36585
nation,England,E92000001,2020-07-19,14,36573
nation,England,E92000001,2020-07-18,14,36559
nation,England,E92000001,2020-07-17,18,36545
nation,England,E92000001,2020-07-16,12,36527
nation,England,E92000001,2020-07-15,20,36515
nation,England,E92000001,2020-07-14,20,36495
nation,England,E92000001,2020-07-13,23,36475
nation,England,E92000001,2020-07-12,13,36452
nation,England,E92000001,2020-07-11,20,36439
nation,England,E92000001,2020-07-10,22,36419
nation,England,E92000001,2020-07-09,35,36397
nation,England,E92000001,2020-07-08,23,36362
nation,England,E92000001,2020-07-07,26,36339
nation,England,E92000001,2020-07-06,34,36313
nation,England,E92000001,2020-07-05,24,36279
nation,England,E92000001,2020-07-04,31,36255
nation,England,E92000001,2020-07-03,26,36224
nation,England,E92000001,2020-07-02,40,36198
nation,England,E92000001,2020-07-01,21,36158
nation,England,E92000001,2020-06-30,43,36137
nation,England,E92000001,2020-06-29,34,36094
nation,England,E92000001,2020-06-28,42,36060
nation,England,E92000001,2020-06-27,40,36018
nation,England,E92000001,2020-06-26,38,35978
nation,England,E92000001,2020-06-25,58,35940
nation,England,E92000001,2020-06-24,67,35882
nation,England,E92000001,2020-06-23,62,35815
nation,England,E92000001,2020-06-22,58,35753
nation,England,E92000001,2020-06-21,47,35695
nation,England,E92000001,2020-06-20,54,35648
nation,England,E92000001,2020-06-19,47,35594
nation,England,E92000001,2020-06-18,57,35547
nation,England,E92000001,2020-06-17,54,35490
nation,England,E92000001,2020-06-16,69,35436
nation,England,E92000001,2020-06-15,63,35367
nation,England,E92000001,2020-06-14,76,35304
nation,England,E92000001,2020-06-13,53,35228
nation,England,E92000001,2020-06-12,73,35175
nation,England,E92000001,2020-06-11,72,35102
nation,England,E92000001,2020-06-10,97,35030
nation,England,E92000001,2020-06-09,85,34933
nation,England,E92000001,2020-06-08,112,34848
nation,England,E92000001,2020-06-07,114,34736
nation,England,E92000001,2020-06-06,99,34622
nation,England,E92000001,2020-06-05,109,34523
nation,England,E92000001,2020-06-04,121,34414
nation,England,E92000001,2020-06-03,138,34293
nation,England,E92000001,2020-06-02,155,34155
nation,England,E92000001,2020-06-01,121,34000
nation,England,E92000001,2020-05-31,113,33879
nation,England,E92000001,2020-05-30,145,33766
nation,England,E92000001,2020-05-29,163,33621
nation,England,E92000001,2020-05-28,182,33458
nation,England,E92000001,2020-05-27,172,33276
nation,England,E92000001,2020-05-26,189,33104
nation,England,E92000001,2020-05-25,175,32915
nation,England,E92000001,2020-05-24,170,32740
nation,England,E92000001,2020-05-23,200,32570
nation,England,E92000001,2020-05-22,195,32370
nation,England,E92000001,2020-05-21,201,32175
nation,England,E92000001,2020-05-20,235,31974
nation,England,E92000001,2020-05-19,231,31739
nation,England,E92000001,2020-05-18,253,31508
nation,England,E92000001,2020-05-17,223,31255
nation,England,E92000001,2020-05-16,268,31032
nation,England,E92000001,2020-05-15,269,30764
nation,England,E92000001,2020-05-14,277,30495
nation,England,E92000001,2020-05-13,256,30218
nation,England,E92000001,2020-05-12,275,29962
nation,England,E92000001,2020-05-11,260,29687
nation,England,E92000001,2020-05-10,300,29427
nation,England,E92000001,2020-05-09,331,29127
nation,England,E92000001,2020-05-08,331,28796
nation,England,E92000001,2020-05-07,399,28465
nation,England,E92000001,2020-05-06,391,28066
nation,England,E92000001,2020-05-05,392,27675
nation,England,E92000001,2020-05-04,412,27283
nation,England,E92000001,2020-05-03,388,26871
nation,England,E92000001,2020-05-02,424,26483
nation,England,E92000001,2020-05-01,479,26059
nation,England,E92000001,2020-04-30,484,25580
nation,England,E92000001,2020-04-29,495,25096
nation,England,E92000001,2020-04-28,498,24601
nation,England,E92000001,2020-04-27,506,24103
nation,England,E92000001,2020-04-26,560,23597
nation,England,E92000001,2020-04-25,555,23037
nation,England,E92000001,2020-04-24,603,22482
nation,England,E92000001,2020-04-23,595,21879
nation,England,E92000001,2020-04-22,643,21284
nation,England,E92000001,2020-04-21,651,20641
nation,England,E92000001,2020-04-20,685,19990
nation,England,E92000001,2020-04-19,689,19305
nation,England,E92000001,2020-04-18,706,18616
nation,England,E92000001,2020-04-17,742,17910
nation,England,E92000001,2020-04-16,754,17168
nation,England,E92000001,2020-04-15,782,16414
nation,England,E92000001,2020-04-14,770,15632
nation,England,E92000001,2020-04-13,805,14862
nation,England,E92000001,2020-04-12,857,14057
nation,England,E92000001,2020-04-11,864,13200
nation,England,E92000001,2020-04-10,850,12336
nation,England,E92000001,2020-04-09,876,11486
nation,England,E92000001,2020-04-08,977,10610
nation,England,E92000001,2020-04-07,909,9633
nation,England,E92000001,2020-04-06,806,8724
nation,England,E92000001,2020-04-05,829,7918
nation,England,E92000001,2020-04-04,839,7089
nation,England,E92000001,2020-04-03,743,6250
nation,England,E92000001,2020-04-02,732,5507
nation,England,E92000001,2020-04-01,698,4775
nation,England,E92000001,2020-03-31,604,4077
nation,England,E92000001,2020-03-30,540,3473
nation,England,E92000001,2020-03-29,464,2933
nation,England,E92000001,2020-03-28,384,2469
nation,England,E92000001,2020-03-27,374,2085
nation,England,E92000001,2020-03-26,338,1711
nation,England,E92000001,2020-03-25,278,1373
nation,England,E92000001,2020-03-24,219,1095
nation,England,E92000001,2020-03-23,173,876
nation,England,E92000001,2020-03-22,153,703
nation,England,E92000001,2020-03-21,116,550
nation,England,E92000001,2020-03-20,102,434
nation,England,E92000001,2020-03-19,66,332
nation,England,E92000001,2020-03-18,67,266
nation,England,E92000001,2020-03-17,51,199
nation,England,E92000001,2020-03-16,43,148
nation,England,E92000001,2020-03-15,32,105
nation,England,E92000001,2020-03-14,20,73
nation,England,E92000001,2020-03-13,16,53
nation,England,E92000001,2020-03-12,12,37
nation,England,E92000001,2020-03-11,8,25
nation,England,E92000001,2020-03-10,3,17
nation,England,E92000001,2020-03-09,5,14
nation,England,E92000001,2020-03-08,3,9
nation,England,E92000001,2020-03-07,0,6
nation,England,E92000001,2020-03-06,0,6
nation,England,E92000001,2020-03-05,3,6
nation,England,E92000001,2020-03-04,0,3
nation,England,E92000001,2020-03-03,2,3
nation,England,E92000001,2020-03-02,1,1
